{
    "plugins": [
        "mobi.monaca.plugins.Monaca",
        "mobi.monaca.plugins.BarcodeScanner@1.0.3"
    ],
    "framework_version": "3.5",
    "xcode_version": "7",
    "cordova_version": "6.2",
    "plugin_settings": [],
    "external_plugins": [
        "cordova-plugin-whitelist@1.2.2",
        "cordova-plugin-splashscreen@3.2.2",
        "cordova-custom-config@2.0.3",
        "cordova-plugin-camera@2.2.0"
    ],
    "title-ja": "バーコード　サモンモンスターズ",
    "title-en": "",
    "description-ja": "BarcodeScanner プラグインを使用\r\nバーコードの9文字めの値に関連するモンスターの画像を表示する。",
    "description-en": "",
    "category": "User Template",
    "platform": [
        "android",
        "ios"
    ],
    "name": "generated-1482045625-58560fae013eb0504d276b39"
}