{
    "plugins": [
        "mobi.monaca.plugins.Monaca"
    ],
    "framework_version": "3.5",
    "xcode_version": "7",
    "cordova_version": "6.2",
    "plugin_settings": [],
    "external_plugins": [
        "cordova-plugin-whitelist@1.2.2",
        "cordova-plugin-splashscreen@3.2.2",
        "cordova-custom-config@2.0.3",
        "cordova-plugin-camera@2.2.0"
    ],
    "title-ja": "ハンズオン1218_真鍋",
    "title-en": "",
    "description-ja": "・写真を撮って、位置情報を表示するところまでは動きます\r\n・取得した緯度・経度をもとにグーグルマップで現在地を表示しようとして、できなかったです",
    "description-en": "",
    "category": "User Template",
    "platform": [
        "android",
        "ios"
    ],
    "name": "generated-1482043609-58560fcdff2af2744ebe9701"
}