{
    "plugins": [
        "mobi.monaca.plugins.Monaca"
    ],
    "framework_version": "3.5",
    "xcode_version": "7",
    "cordova_version": "6.2",
    "plugin_settings": [],
    "external_plugins": [
        "cordova-plugin-whitelist@1.2.2",
        "cordova-plugin-splashscreen@3.2.2",
        "cordova-custom-config@2.0.3"
    ],
    "title-ja": "デレステ-ガチャシミュレーター",
    "title-en": "",
    "description-ja": "10連ガチャは未実装(10連時の表示やSR確定のシミュレートが困難なため)",
    "description-en": "",
    "category": "User Template",
    "platform": [
        "android",
        "ios"
    ],
    "name": "generated-1482048301-58561c6d8034517a078f41d1"
}