{
    "plugins": [
        "mobi.monaca.plugins.Monaca"
    ],
    "framework_version": "3.5",
    "xcode_version": "7",
    "cordova_version": "6.2",
    "plugin_settings": [],
    "external_plugins": [
        "cordova-plugin-whitelist@1.2.2",
        "cordova-plugin-splashscreen@3.2.2",
        "cordova-custom-config@2.0.3",
        "cordova-plugin-camera@2.2.0"
    ],
    "title-ja": "カメラアプリ",
    "title-en": "",
    "description-ja": "2016\/12\/18作成",
    "description-en": "",
    "category": "User Template",
    "platform": [
        "android"
    ],
    "name": "generated-1482048382-58560fd5013eb0f74cb7eade"
}