{
    "plugins": [
        "mobi.monaca.plugins.Monaca"
    ],
    "framework_version": "3.5",
    "xcode_version": "7",
    "cordova_version": "6.2",
    "plugin_settings": [],
    "external_plugins": [
        "cordova-plugin-whitelist@1.2.2",
        "cordova-plugin-splashscreen@3.2.2",
        "cordova-custom-config@2.0.3",
        "cordova-plugin-camera@2.2.0"
    ],
    "title-ja": "塩分管理",
    "title-en": "",
    "description-ja": "食べた塩分量を保存する",
    "description-en": "",
    "category": "User Template",
    "platform": [
        "android",
        "ios"
    ],
    "name": "generated-1482048324-58560fc4ff2af2834e90f07b"
}