{
    "plugins": [
        "mobi.monaca.plugins.Monaca",
        "mobi.monaca.plugins.datepicker@1.0.1"
    ],
    "framework_version": "3.5",
    "xcode_version": "7",
    "cordova_version": "6.2",
    "plugin_settings": [],
    "external_plugins": [
        "cordova-plugin-whitelist@1.2.2",
        "cordova-plugin-splashscreen@3.2.2",
        "cordova-custom-config@2.0.3"
    ],
    "title-ja": "食べたもの記録アプリ",
    "title-en": "",
    "description-ja": "",
    "description-en": "",
    "category": "User Template",
    "platform": [
        "android"
    ],
    "name": "generated-1482048612-58561b42013eb00f70b6ab4f"
}